op_name,tensor_idx,num_elements,stddev,mean_error,max_abs_error,mean_squared_error,scale,zero_point,tensor_name
TRANSPOSE,340,150528.0,0.005365273,3.399253e-05,0.00932092,2.8881863e-05,0.018658448,-14,transpose_1
CONV_2D,344,301056.0,0.012271296,9.039266e-06,0.04234022,0.00015067507,0.040580157,-9,Add;depthwise_2;convolution;Const_180
TRANSPOSE,348,301056.0,4.585886e-08,2.6276747e-09,4.7683716e-07,2.1651234e-15,0.040580157,-9,transpose_2
MEAN,352,3136.0,0.0007949095,1.6130366e-06,0.0013852357,6.327696e-07,0.0027744682,14,onnx_tf_prefix_ReduceMean_1
SUB,356,301056.0,0.011363522,-0.00017779283,0.01995764,0.00012983265,0.039711267,-9,onnx_tf_prefix_Sub_2
MUL,360,301056.0,0.024021577,-0.00733425,0.056922257,0.0006347967,0.11477433,-128,onnx_tf_prefix_Pow_4;onnx_tf_prefix_Constant_102
MEAN,364,3136.0,0.0023261034,-3.9881666e-05,0.004064614,5.418301e-06,0.0081415735,-128,onnx_tf_prefix_ReduceMean_5
ADD,368,3136.0,9.231733e-08,-5.629923e-07,7.1525574e-07,3.3524556e-13,0.008141577,-128,onnx_tf_prefix_Add_8
RSQRT,372,3136.0,0.0014050154,-0.00010356123,0.004696185,2.0184334e-06,0.0047559254,-128,onnx_tf_prefix_Div_10;onnx_tf_prefix_Sqrt_9
MUL,376,301056.0,0.009363255,6.0565337e-05,0.02379942,8.8251494e-05,0.034246396,11,onnx_tf_prefix_Div_10;onnx_tf_prefix_Sqrt_91
MUL,380,301056.0,0.013132286,0.0004498561,0.051730264,0.00017282426,0.051497635,9,onnx_tf_prefix_Mul_11
ADD,384,301056.0,0.013639268,-0.0005784264,0.03147799,0.00018647051,0.050567515,10,onnx_tf_prefix_Add_12
PAD,388,369024.0,2.1975518e-08,6.535068e-09,4.3348834e-07,5.398391e-16,0.050567515,10,Pad
TRANSPOSE,392,369024.0,2.1975518e-08,6.535068e-09,4.3348834e-07,5.398391e-16,0.050567515,10,transpose_4
DEPTHWISE_CONV_2D,396,301056.0,0.0049847593,-0.00013452802,0.030986,2.491357e-05,0.016633349,-6,Add_1;depthwise_2;depthwise;Const_176
MEAN,400,3136.0,0.00021138243,1.8258025e-07,0.00036374005,4.4703484e-08,0.00073034357,-19,onnx_tf_prefix_ReduceMean_15
SUB,404,301056.0,0.0044636177,0.00057416834,0.008298676,2.1343802e-05,0.016599378,-6,onnx_tf_prefix_Sub_16
MUL,408,301056.0,0.003296619,-0.00086767727,0.01079518,1.1844382e-05,0.019016381,-128,onnx_tf_prefix_Pow_18;onnx_tf_prefix_Constant_102
MEAN,412,3136.0,0.000162982,-4.5104343e-06,0.0002851381,2.6702416e-08,0.00057181646,-128,onnx_tf_prefix_ReduceMean_19
ADD,416,3136.0,9.676069e-08,-9.155932e-07,9.970867e-07,8.5052327e-13,0.00057182036,-128,onnx_tf_prefix_Add_21
RSQRT,420,3136.0,0.9119284,-0.16841924,7.5730686,1.834744,0.123249635,-128,onnx_tf_prefix_Div_23;onnx_tf_prefix_Sqrt_22
MUL,424,301056.0,0.016123049,-7.7077886e-05,0.18580467,0.0002607696,0.06210633,-3,onnx_tf_prefix_Div_23;onnx_tf_prefix_Sqrt_221
FULLY_CONNECTED,428,1204224.0,0.07460144,-9.865893e-05,2.969063,0.0055768713,0.13971013,0,onnx_tf_prefix_Mul_24;onnx_tf_prefix_Add_25;onnx_tf_prefix_MatMul_26;onnx_tf_prefix_Add_271
FULLY_CONNECTED,432,1204224.0,0.12697172,-0.00016829165,5.0533376,0.016155116,0.23778671,0,onnx_tf_prefix_Mul_24;onnx_tf_prefix_Add_25;onnx_tf_prefix_MatMul_26;onnx_tf_prefix_Add_27;onnx_tf_prefix_Mul_291
LOGISTIC,436,1204224.0,0.0010523343,-5.0535324e-05,0.00390625,1.111067e-06,0.00390625,-128,onnx_tf_prefix_Sigmoid_30
MUL,440,1204224.0,0.018799942,0.0030242412,0.035183907,0.00036267666,0.07038215,-126,onnx_tf_prefix_Mul_31
FULLY_CONNECTED,444,301056.0,0.019579204,-8.198525e-05,0.0992459,0.00038611703,0.03519361,-9,onnx_tf_prefix_MatMul_32;onnx_tf_prefix_Add_33;onnx_tf_prefix_Mul_34
TRANSPOSE,448,301056.0,2.7252945e-08,1.2406992e-08,4.1181391e-07,9.073666e-16,0.03519361,-9,onnx_tf_prefix_Transpose_35
ADD,452,301056.0,0.014417651,0.00010433883,0.025313891,0.0002078839,0.050661895,10,onnx_tf_prefix_Add_36
PAD,456,369024.0,2.915025e-08,-1.7796204e-08,4.3348834e-07,1.1737051e-15,0.050661895,10,Pad_1
TRANSPOSE,460,369024.0,2.915025e-08,-1.7796204e-08,4.3348834e-07,1.1737052e-15,0.050661895,10,transpose_7
DEPTHWISE_CONV_2D,464,301056.0,0.0098165115,-0.00022300705,0.05453322,9.647583e-05,0.03022961,-11,Add_2;depthwise_2;depthwise_1;Const_167
MEAN,468,3136.0,0.00036585148,2.2923077e-06,0.00063356216,1.3390064e-07,0.0012691966,-19,onnx_tf_prefix_ReduceMean_39
SUB,472,301056.0,0.008591608,-6.1137456e-05,0.015358391,7.3884876e-05,0.029849464,-10,onnx_tf_prefix_Sub_40
MUL,476,301056.0,0.015610076,-0.004814725,0.032776598,0.00026806223,0.065432094,-128,onnx_tf_prefix_Pow_42;onnx_tf_prefix_Constant_102
MEAN,480,3136.0,0.000561038,1.163777e-05,0.0019557707,3.1511198e-07,0.001932756,-128,onnx_tf_prefix_ReduceMean_43
ADD,484,3136.0,1.308142e-07,-6.961102e-07,9.5024535e-07,5.084479e-13,0.00193276,-128,onnx_tf_prefix_Add_45
RSQRT,488,3136.0,0.014127418,-7.2953866e-05,0.067022584,0.0002378318,0.04254333,-128,onnx_tf_prefix_Div_47;onnx_tf_prefix_Sqrt_46
MUL,492,301056.0,0.014727775,-6.643735e-06,0.101596616,0.00021698675,0.052077956,0,onnx_tf_prefix_Div_47;onnx_tf_prefix_Sqrt_461
FULLY_CONNECTED,496,1204224.0,0.05358498,0.0006742546,0.22938162,0.0028723145,0.13000362,7,onnx_tf_prefix_Mul_48;onnx_tf_prefix_Add_49;onnx_tf_prefix_MatMul_50;onnx_tf_prefix_Add_511
FULLY_CONNECTED,500,1204224.0,0.091201656,0.001147378,0.39040634,0.008320532,0.22126618,7,onnx_tf_prefix_Mul_48;onnx_tf_prefix_Add_49;onnx_tf_prefix_MatMul_50;onnx_tf_prefix_Add_51;onnx_tf_prefix_Mul_531
LOGISTIC,504,1204224.0,0.0008816697,0.00024223662,0.003905318,8.3606466e-07,0.00390625,-128,onnx_tf_prefix_Sigmoid_54
MUL,508,1204224.0,0.01849309,0.00052255584,0.030496174,0.0003422735,0.06202075,-125,onnx_tf_prefix_Mul_55
FULLY_CONNECTED,512,301056.0,0.036480553,-8.157645e-07,0.29254228,0.001331541,0.10194792,-37,onnx_tf_prefix_MatMul_56;onnx_tf_prefix_Add_57;onnx_tf_prefix_Mul_58
TRANSPOSE,516,301056.0,1.01866064e-07,3.9207805e-08,1.1270696e-06,1.1917459e-14,0.10194792,-37,onnx_tf_prefix_Transpose_59
ADD,520,301056.0,0.031612538,-5.5511828e-06,0.2357799,0.0009993947,0.10873066,-46,onnx_tf_prefix_Add_60
PAD,524,369024.0,1.2565543e-07,-1.0726416e-08,9.536743e-07,1.5908565e-14,0.10873066,-46,Pad_2
TRANSPOSE,528,369024.0,1.2565543e-07,-1.0726416e-08,9.536743e-07,1.5908565e-14,0.10873066,-46,transpose_10
DEPTHWISE_CONV_2D,532,301056.0,0.010092965,4.5085053e-06,0.07321969,0.00010190906,0.029080141,-12,Add_3;depthwise_2;Const_158
MEAN,536,3136.0,0.0003664906,-1.2580364e-05,0.0017497299,1.345217e-07,0.0012582754,1,onnx_tf_prefix_ReduceMean_63
SUB,540,301056.0,0.008250296,-7.4266694e-07,0.017870832,6.806969e-05,0.028581435,-14,onnx_tf_prefix_Sub_64
MUL,544,301056.0,0.016659621,-0.0005180056,0.031746984,0.00027844918,0.06371247,-128,onnx_tf_prefix_Pow_66;onnx_tf_prefix_Constant_102
MEAN,548,3136.0,0.0007773101,-7.94291e-06,0.005094123,6.5541764e-07,0.002446389,-128,onnx_tf_prefix_ReduceMean_67
ADD,552,3136.0,1.1402155e-07,-6.832721e-07,9.113415e-07,4.84173e-13,0.002446393,-128,onnx_tf_prefix_Add_69
RSQRT,556,3136.0,0.011484927,-0.0007355282,0.020100193,0.00013264806,0.040573556,-128,onnx_tf_prefix_Div_71;onnx_tf_prefix_Sqrt_70
MUL,560,301056.0,0.014597065,-1.10023975e-05,0.028510202,0.00021308777,0.05161449,-2,onnx_tf_prefix_Div_71;onnx_tf_prefix_Sqrt_701
FULLY_CONNECTED,564,1204224.0,0.032319944,-0.00036043554,0.16219611,0.0010447701,0.0678563,38,onnx_tf_prefix_Mul_72;onnx_tf_prefix_Add_73;onnx_tf_prefix_MatMul_74;onnx_tf_prefix_Add_751
FULLY_CONNECTED,568,1204224.0,0.055008534,-0.0006127218,0.27605808,0.0030264913,0.11549138,38,onnx_tf_prefix_Mul_72;onnx_tf_prefix_Add_73;onnx_tf_prefix_MatMul_74;onnx_tf_prefix_Add_75;onnx_tf_prefix_Mul_771
LOGISTIC,572,1204224.0,0.0010862845,6.742208e-05,0.0034546582,1.1845709e-06,0.00390625,-128,onnx_tf_prefix_Sigmoid_78
MUL,576,1204224.0,0.007597877,-0.0003849773,0.012192928,5.7876376e-05,0.024426972,-121,onnx_tf_prefix_Mul_79
FULLY_CONNECTED,580,301056.0,0.08153577,-0.00058230944,0.5118891,0.0066533317,0.17264545,-76,onnx_tf_prefix_MatMul_80;onnx_tf_prefix_Add_81;onnx_tf_prefix_Mul_82
TRANSPOSE,584,301056.0,3.108158e-07,-4.035722e-07,1.9073486e-06,2.5949395e-13,0.17264545,-76,onnx_tf_prefix_Transpose_83
ADD,588,301056.0,0.053415596,-2.6003296e-05,0.20077324,0.0028532848,0.18649153,-61,onnx_tf_prefix_Add_84
MEAN,592,3136.0,0.0011905896,2.5512076e-05,0.002361005,1.4187051e-06,0.0041285,-49,onnx_tf_prefix_ReduceMean_85
SUB,596,301056.0,0.0535324,-0.00033459405,0.099680685,0.0028666079,0.18559302,-59,onnx_tf_prefix_Sub_86
MUL,600,301056.0,0.9150479,-0.37293717,2.322638,0.97729,4.6960864,-128,onnx_tf_prefix_Pow_88;onnx_tf_prefix_Constant_102
MEAN,604,3136.0,0.021041961,-0.000181385,0.06986258,0.0004431512,0.072450034,-128,onnx_tf_prefix_ReduceMean_89
ADD,608,3136.0,2.1903196e-07,-4.6289327e-07,1.1270696e-06,2.678554e-13,0.07245004,-128,onnx_tf_prefix_Add_92
RSQRT,612,3136.0,0.0017941851,-0.00013501273,0.07437734,3.9006986e-06,0.0031682735,-128,onnx_tf_prefix_Div_94;onnx_tf_prefix_Sqrt_93
MUL,616,301056.0,0.014774733,-4.7856112e-05,0.15297313,0.00021831658,0.051932048,-30,onnx_tf_prefix_Div_94;onnx_tf_prefix_Sqrt_931
MUL,620,301056.0,0.0070307506,-0.00017816554,0.09735361,4.9466038e-05,0.023857888,4,onnx_tf_prefix_Mul_95
ADD,624,301056.0,0.0068003223,-6.1357474e-05,0.03893293,4.6252204e-05,0.023236638,5,onnx_tf_prefix_Add_96
TRANSPOSE,628,301056.0,1.510517e-08,-1.2308927e-09,2.3841858e-07,2.3109745e-16,0.023236638,5,transpose_13
CONV_2D,632,150528.0,0.019302892,-9.660084e-07,0.08523446,0.00037262545,0.06465002,6,Add_4;depthwise_5;convolution_1;Const_147
TRANSPOSE,636,150528.0,4.45916e-08,1.3038157e-08,6.9358134e-07,2.1759207e-15,0.06465002,6,transpose_14
PAD,640,221952.0,3.7227263e-08,8.842488e-09,6.9358134e-07,1.4757109e-15,0.06465002,6,Pad_3
TRANSPOSE,644,221952.0,3.7227263e-08,8.842488e-09,6.9358134e-07,1.4757109e-15,0.06465002,6,transpose_16
DEPTHWISE_CONV_2D,648,150528.0,0.022518773,1.30642065e-05,0.09337995,0.00050719327,0.07380178,3,Add_5;depthwise_5;depthwise_3;Const_145
MEAN,652,784.0,0.00043298182,2.0656555e-06,0.0020978986,1.9502353e-07,0.0013969726,-45,onnx_tf_prefix_ReduceMean_100
SUB,656,150528.0,0.021341702,0.00027026364,0.03904228,0.00045668136,0.07370991,3,onnx_tf_prefix_Sub_101
MUL,660,150528.0,0.09717911,-0.019659646,0.1825707,0.009830863,0.3683698,-128,onnx_tf_prefix_Pow_103;onnx_tf_prefix_Constant_102
MEAN,664,784.0,0.0040573347,-0.0001441107,0.026015012,2.034601e-05,0.011908994,-128,onnx_tf_prefix_ReduceMean_104
ADD,668,784.0,1.2150046e-07,-4.661244e-07,7.4234873e-07,2.3710984e-13,0.011908998,-128,onnx_tf_prefix_Add_106
RSQRT,672,784.0,0.0015826696,-3.2686665e-05,0.0027056716,2.5141987e-06,0.005505229,-128,onnx_tf_prefix_Div_108;onnx_tf_prefix_Sqrt_107
MUL,676,150528.0,0.014425329,2.3893144e-06,0.025869608,0.00020833653,0.051742427,1,onnx_tf_prefix_Div_108;onnx_tf_prefix_Sqrt_1071
FULLY_CONNECTED,680,602112.0,0.035758827,-6.7822e-05,0.19522491,0.0012791653,0.0654478,27,onnx_tf_prefix_Mul_109;onnx_tf_prefix_Add_110;onnx_tf_prefix_MatMul_111;onnx_tf_prefix_Add_1121
FULLY_CONNECTED,684,602112.0,0.060861517,-0.00011530887,0.33227313,0.0037054901,0.11139214,27,onnx_tf_prefix_Mul_109;onnx_tf_prefix_Add_110;onnx_tf_prefix_MatMul_111;onnx_tf_prefix_Add_112;onnx_tf_prefix_Mul_1141
LOGISTIC,688,602112.0,0.0011955386,1.4493707e-05,0.0032987432,1.42969e-06,0.00390625,-128,onnx_tf_prefix_Sigmoid_115
MUL,692,602112.0,0.0065454184,0.0006062317,0.013138387,4.3213604e-05,0.02639178,-122,onnx_tf_prefix_Mul_116
FULLY_CONNECTED,696,150528.0,0.09065921,0.0009119155,0.34186983,0.008233266,0.27741742,64,onnx_tf_prefix_MatMul_117;onnx_tf_prefix_Add_118;onnx_tf_prefix_Mul_119
ADD,700,150528.0,0.08840031,-7.5940385e-05,0.15323591,0.007814687,0.30648977,67,onnx_tf_prefix_Add_121
TRANSPOSE,704,150528.0,5.3745913e-07,-3.4149846e-07,3.8146973e-06,4.0671494e-13,0.30648977,67,onnx_tf_prefix_Transpose_120
PAD,708,221952.0,4.7064304e-07,-2.3160452e-07,3.8146973e-06,2.7583437e-13,0.30648977,67,Pad_4
TRANSPOSE,712,221952.0,4.7064304e-07,-2.3160452e-07,3.8146973e-06,2.7583437e-13,0.30648977,67,transpose_19
DEPTHWISE_CONV_2D,716,150528.0,0.01927366,-7.398839e-05,0.11421442,0.0003715303,0.06199559,4,Add_6;depthwise_5;depthwise_4;Const_136
MEAN,720,784.0,0.0004619305,3.5562691e-06,0.0042216177,2.479693e-07,0.0013394856,6,onnx_tf_prefix_ReduceMean_124
SUB,724,150528.0,0.017622517,-0.00036029704,0.03206862,0.00031169376,0.061925393,3,onnx_tf_prefix_Sub_125
MUL,728,150528.0,0.069658585,-0.0069845663,0.12658688,0.0049016667,0.25735036,-128,onnx_tf_prefix_Pow_127;onnx_tf_prefix_Constant_102
MEAN,732,784.0,0.002759039,-3.5461864e-05,0.031500045,8.804717e-06,0.007526915,-128,onnx_tf_prefix_ReduceMean_128
ADD,736,784.0,1.3920837e-07,-4.750125e-07,7.3693013e-07,2.4914188e-13,0.007526919,-128,onnx_tf_prefix_Add_130
RSQRT,740,784.0,0.0019668927,4.0731455e-05,0.0034523497,3.898644e-06,0.006979494,-128,onnx_tf_prefix_Div_132;onnx_tf_prefix_Sqrt_131
MUL,744,150528.0,0.015913894,1.5909907e-05,0.029116988,0.00025338822,0.05823431,7,onnx_tf_prefix_Div_132;onnx_tf_prefix_Sqrt_1311
FULLY_CONNECTED,748,602112.0,0.032347273,0.00038300332,0.14974093,0.001046713,0.056117244,29,onnx_tf_prefix_Mul_133;onnx_tf_prefix_Add_134;onnx_tf_prefix_MatMul_135;onnx_tf_prefix_Add_1361
FULLY_CONNECTED,752,602112.0,0.055055067,0.0006515904,0.2548593,0.0030321232,0.09551156,29,onnx_tf_prefix_Mul_133;onnx_tf_prefix_Add_134;onnx_tf_prefix_MatMul_135;onnx_tf_prefix_Add_136;onnx_tf_prefix_Mul_1381
LOGISTIC,756,602112.0,0.0011309836,0.00013289214,0.0027505592,1.2968306e-06,0.00390625,-128,onnx_tf_prefix_Sigmoid_139
MUL,760,602112.0,0.006055582,0.0008729902,0.010512169,3.7436854e-05,0.022133172,-121,onnx_tf_prefix_Mul_140
FULLY_CONNECTED,764,150528.0,0.12671056,-0.0011549544,0.59859055,0.01606985,0.34207138,72,onnx_tf_prefix_MatMul_141;onnx_tf_prefix_Add_142;onnx_tf_prefix_Mul_143
ADD,768,150528.0,0.18617485,0.0007455033,0.36429942,0.034663532,0.6013138,74,onnx_tf_prefix_Add_145
TRANSPOSE,772,150528.0,1.0658104e-06,2.1408181e-07,7.2826037e-06,1.1829801e-12,0.6013138,74,onnx_tf_prefix_Transpose_144
PAD,776,221952.0,8.8346957e-07,1.4519043e-07,7.2826037e-06,8.0229795e-13,0.6013138,74,Pad_5
TRANSPOSE,780,221952.0,8.8346957e-07,1.4519043e-07,7.2826037e-06,8.0229795e-13,0.6013138,74,transpose_22
DEPTHWISE_CONV_2D,784,150528.0,0.029452657,-0.00048673313,0.17334639,0.00086774357,0.09678358,17,Add_7;depthwise_5;Const_127
MEAN,788,784.0,0.00045438588,9.241615e-06,0.0041284366,2.3246024e-07,0.0013322389,56,onnx_tf_prefix_ReduceMean_148
SUB,792,150528.0,0.028349243,-0.00020902674,0.04816116,0.0008053027,0.0963315,17,onnx_tf_prefix_Sub_149
MUL,796,150528.0,0.1806282,-0.06077148,0.38208008,0.036335107,0.76761484,-128,onnx_tf_prefix_Pow_151;onnx_tf_prefix_Constant_102
MEAN,800,784.0,0.003989359,-4.1116527e-05,0.023181282,1.735482e-05,0.012652389,-128,onnx_tf_prefix_ReduceMean_152
ADD,804,784.0,1.2074746e-07,-6.679259e-07,9.021976e-07,4.6436303e-13,0.0126523925,-128,onnx_tf_prefix_Add_154
RSQRT,808,784.0,0.002489161,-0.00023960754,0.0043005943,6.324207e-06,0.008606041,-128,onnx_tf_prefix_Div_156;onnx_tf_prefix_Sqrt_155
MUL,812,150528.0,0.020769378,-1.7359158e-05,0.0384505,0.00043149153,0.07360632,3,onnx_tf_prefix_Div_156;onnx_tf_prefix_Sqrt_1551
FULLY_CONNECTED,816,602112.0,0.03731157,-0.00067219394,0.18249844,0.0013933381,0.04910131,20,onnx_tf_prefix_Mul_157;onnx_tf_prefix_Add_158;onnx_tf_prefix_MatMul_159;onnx_tf_prefix_Add_1601
FULLY_CONNECTED,820,602112.0,0.063504286,-0.0011436372,0.3106129,0.004036225,0.08357041,20,onnx_tf_prefix_Mul_157;onnx_tf_prefix_Add_158;onnx_tf_prefix_MatMul_159;onnx_tf_prefix_Add_160;onnx_tf_prefix_Mul_1621
LOGISTIC,824,602112.0,0.0011708247,8.392544e-07,0.0034576764,1.3709216e-06,0.00390625,-128,onnx_tf_prefix_Sigmoid_163
MUL,828,602112.0,0.006195739,0.00019248863,0.010619569,3.842447e-05,0.02131347,-120,onnx_tf_prefix_Mul_164
FULLY_CONNECTED,832,150528.0,0.3611727,-9.92001e-05,2.1327345,0.13052393,0.9705731,94,onnx_tf_prefix_MatMul_165;onnx_tf_prefix_Add_166;onnx_tf_prefix_Mul_167
ADD,836,150528.0,0.42849448,-0.002146276,0.799491,0.18361378,1.4728106,85,onnx_tf_prefix_Add_169
TRANSPOSE,840,150528.0,1.9006665e-06,-5.9527736e-07,1.040372e-05,3.9756037e-12,1.4728106,85,onnx_tf_prefix_Transpose_168
MEAN,844,784.0,0.001941,0.00081400457,0.019071419,5.0710128e-06,0.007591535,81,onnx_tf_prefix_ReduceMean_170
SUB,848,150528.0,0.15962936,-0.1383815,0.70999163,0.049499534,1.4674768,84,onnx_tf_prefix_Sub_171
MUL,852,150528.0,12.558682,-2.9878676,188.20312,166.85556,380.78903,-128,onnx_tf_prefix_Pow_173;onnx_tf_prefix_Constant_102
MEAN,856,784.0,0.26048303,0.3106924,0.9766558,0.18514451,2.008436,-128,onnx_tf_prefix_ReduceMean_174
ADD,860,784.0,4.6115324e-06,-1.2507852e-06,1.2137673e-05,2.3102915e-11,2.008436,-128,onnx_tf_prefix_Add_177
RSQRT,864,784.0,0.01059777,-0.00083435583,0.1914433,0.00017260165,0.0016347334,-128,onnx_tf_prefix_Div_179;onnx_tf_prefix_Sqrt_178
MUL,868,150528.0,0.025153112,-0.000103494145,1.7013339,0.0006368142,0.10197042,7,onnx_tf_prefix_Div_179;onnx_tf_prefix_Sqrt_1781
MUL,872,150528.0,0.004453409,-5.501708e-06,0.4049801,1.9902845e-05,0.018782424,0,onnx_tf_prefix_Mul_180
ADD,876,150528.0,0.005135873,6.565584e-05,0.16391446,2.6387559e-05,0.017630162,8,onnx_tf_prefix_Add_181
TRANSPOSE,880,150528.0,9.219158e-09,7.8718254e-11,1.9506975e-07,8.762331e-17,0.017630162,8,transpose_25
CONV_2D,884,75264.0,0.029109638,-6.809667e-05,0.80142456,0.00084808894,0.097781524,-12,Add_8;depthwise_14;convolution_2;Const_116
TRANSPOSE,888,75264.0,5.3225154e-08,-5.856344e-08,9.536743e-07,6.28161e-15,0.097781524,-12,transpose_26
PAD,892,153600.0,4.740714e-08,-2.8696086e-08,9.536743e-07,3.0779888e-15,0.097781524,-12,Pad_6
TRANSPOSE,896,153600.0,4.740715e-08,-2.8696086e-08,9.536743e-07,3.0779888e-15,0.097781524,-12,transpose_28
DEPTHWISE_CONV_2D,900,75264.0,0.019719483,-0.00011093198,0.39977607,0.00038928,0.06479897,-40,Add_9;depthwise_14;depthwise_6;Const_114
MEAN,904,196.0,0.00064986316,1.4997484e-05,0.005821402,1.2832329e-06,0.00081077334,32,onnx_tf_prefix_ReduceMean_185
SUB,908,75264.0,0.018415205,-0.0015291416,0.046299174,0.00034811872,0.06482263,-40,onnx_tf_prefix_Sub_186
MUL,912,75264.0,0.11179612,-0.019444326,0.22844869,0.012894363,0.46039957,-128,onnx_tf_prefix_Pow_188;onnx_tf_prefix_Constant_102
MEAN,916,196.0,0.0070099835,-0.00043612203,0.07611925,0.00029201646,0.0072373985,-128,onnx_tf_prefix_ReduceMean_189
ADD,920,196.0,1.2796207e-07,-5.4863364e-07,7.911162e-07,3.3023923e-13,0.0072374023,-128,onnx_tf_prefix_Add_191
RSQRT,924,196.0,0.0022665483,0.00014269796,0.0038182193,5.207456e-06,0.0076582967,-128,onnx_tf_prefix_Div_193;onnx_tf_prefix_Sqrt_192
MUL,928,75264.0,0.018229462,1.2543178e-05,0.062374137,0.00033264697,0.06649849,-31,onnx_tf_prefix_Div_193;onnx_tf_prefix_Sqrt_1921
FULLY_CONNECTED,932,301056.0,0.04355981,-0.0014002473,0.30641088,0.0018997188,0.058505785,12,onnx_tf_prefix_Mul_194;onnx_tf_prefix_Add_195;onnx_tf_prefix_MatMul_196;onnx_tf_prefix_Add_1971
FULLY_CONNECTED,936,301056.0,0.07413869,-0.0023838875,0.52151084,0.0055031073,0.09957685,12,onnx_tf_prefix_Mul_194;onnx_tf_prefix_Add_195;onnx_tf_prefix_MatMul_196;onnx_tf_prefix_Add_197;onnx_tf_prefix_Mul_1991
LOGISTIC,940,301056.0,0.0011194542,5.9069298e-05,0.0025775163,1.2566824e-06,0.00390625,-128,onnx_tf_prefix_Sigmoid_200
MUL,944,301056.0,0.0073690875,1.3803372e-06,0.0134647945,5.430425e-05,0.026915265,-122,onnx_tf_prefix_Mul_201
FULLY_CONNECTED,948,75264.0,0.019923512,-0.0001703431,0.16226712,0.00039767596,0.047383815,12,onnx_tf_prefix_MatMul_202;onnx_tf_prefix_Add_203;onnx_tf_prefix_Mul_204
ADD,952,75264.0,0.03443825,-4.9503183e-06,0.41875526,0.001186077,0.118964344,-11,onnx_tf_prefix_Add_206
TRANSPOSE,956,75264.0,5.711204e-08,3.2017564e-08,9.536743e-07,4.2999035e-15,0.118964344,-11,onnx_tf_prefix_Transpose_205
PAD,960,153600.0,4.3073307e-08,1.5688606e-08,9.536743e-07,2.1069525e-15,0.118964344,-11,Pad_7
TRANSPOSE,964,153600.0,4.3073307e-08,1.5688606e-08,9.536743e-07,2.1069525e-15,0.118964344,-11,transpose_31
DEPTHWISE_CONV_2D,968,75264.0,0.022838056,0.00018482994,0.34116322,0.0005218007,0.07460121,-6,Add_10;depthwise_14;depthwise_7;Const_105
MEAN,972,196.0,0.00034940697,-6.3008756e-06,0.0019066886,1.9432737e-07,0.0009222512,11,onnx_tf_prefix_ReduceMean_209
SUB,976,75264.0,0.020246329,0.0006356698,0.040129498,0.0004216288,0.07443062,-7,onnx_tf_prefix_Sub_210
MUL,980,75264.0,0.09620464,-0.0103307925,0.19394875,0.0093731675,0.38960207,-128,onnx_tf_prefix_Pow_212;onnx_tf_prefix_Constant_102
MEAN,984,196.0,0.013011873,-0.0016103805,0.13274778,0.00039600226,0.0048047197,-128,onnx_tf_prefix_ReduceMean_213
ADD,988,196.0,1.4332404e-07,-5.4340165e-07,7.816336e-07,3.317531e-13,0.0048047234,-128,onnx_tf_prefix_Add_215
RSQRT,992,196.0,0.0029715702,-0.0003910372,0.005124558,9.029703e-06,0.010337629,-128,onnx_tf_prefix_Div_217;onnx_tf_prefix_Sqrt_216
MUL,996,75264.0,0.02433333,-1.7573562e-05,0.14653198,0.0005933571,0.08926124,8,onnx_tf_prefix_Div_217;onnx_tf_prefix_Sqrt_2161
FULLY_CONNECTED,1000,301056.0,0.0392889,0.0010764325,0.173331,0.0015448447,0.054575454,28,onnx_tf_prefix_Mul_218;onnx_tf_prefix_Add_219;onnx_tf_prefix_MatMul_220;onnx_tf_prefix_Add_2211
FULLY_CONNECTED,1004,301056.0,0.066869,0.001836522,0.29500857,0.004475036,0.09288744,28,onnx_tf_prefix_Mul_218;onnx_tf_prefix_Add_219;onnx_tf_prefix_MatMul_220;onnx_tf_prefix_Add_221;onnx_tf_prefix_Mul_2231
LOGISTIC,1008,301056.0,0.0011695122,-3.4404107e-05,0.0029676124,1.3689682e-06,0.00390625,-128,onnx_tf_prefix_Sigmoid_224
MUL,1012,301056.0,0.0066380445,0.0001126694,0.010895234,4.40771e-05,0.0217434,-120,onnx_tf_prefix_Mul_225
FULLY_CONNECTED,1016,75264.0,0.021752933,0.000163826,0.110828705,0.0004735184,0.060012706,18,onnx_tf_prefix_MatMul_226;onnx_tf_prefix_Add_227;onnx_tf_prefix_Mul_228
ADD,1020,75264.0,0.045945928,0.00017058718,0.39431155,0.002111195,0.15814759,-2,onnx_tf_prefix_Add_230
TRANSPOSE,1024,75264.0,5.5018514e-08,-3.335385e-09,1.9073486e-06,3.0522868e-15,0.15814759,-2,onnx_tf_prefix_Transpose_229
PAD,1028,153600.0,3.8550414e-08,-1.6343389e-09,1.9073486e-06,1.4956207e-15,0.15814759,-2,Pad_8
TRANSPOSE,1032,153600.0,3.855041e-08,-1.6343389e-09,1.9073486e-06,1.4956207e-15,0.15814759,-2,transpose_34
DEPTHWISE_CONV_2D,1036,75264.0,0.024209358,0.00022434295,0.2413869,0.0005862452,0.07659633,7,Add_11;depthwise_14;depthwise_8;Const_96
MEAN,1040,196.0,0.00048818448,2.2621347e-05,0.004310839,4.2242908e-07,0.0009260153,-27,onnx_tf_prefix_ReduceMean_233
SUB,1044,75264.0,0.021044888,0.0020493525,0.038136948,0.00045163027,0.07633239,8,onnx_tf_prefix_Sub_234
MUL,1048,75264.0,0.098671466,-0.03568052,0.23355454,0.011028521,0.42077607,-128,onnx_tf_prefix_Pow_236;onnx_tf_prefix_Constant_102
MEAN,1052,196.0,0.009602672,-0.0009372328,0.10395536,0.0003107838,0.005855198,-128,onnx_tf_prefix_ReduceMean_237
ADD,1056,196.0,1.462994e-07,-5.810969e-07,8.209185e-07,3.716894e-13,0.0058552017,-128,onnx_tf_prefix_Add_239
RSQRT,1060,196.0,0.0035046833,-0.00043869755,0.015825348,1.9989056e-05,0.0091817845,-128,onnx_tf_prefix_Div_241;onnx_tf_prefix_Sqrt_240
MUL,1064,75264.0,0.02230025,3.4697285e-05,0.10270736,0.00049801683,0.081456244,12,onnx_tf_prefix_Div_241;onnx_tf_prefix_Sqrt_2401
FULLY_CONNECTED,1068,301056.0,0.055514816,-0.00093276275,0.25199428,0.0030831255,0.050301734,9,onnx_tf_prefix_Mul_242;onnx_tf_prefix_Add_243;onnx_tf_prefix_MatMul_244;onnx_tf_prefix_Add_2451
FULLY_CONNECTED,1072,301056.0,0.094486214,-0.0015874491,0.42889455,0.008931211,0.08561355,9,onnx_tf_prefix_Mul_242;onnx_tf_prefix_Add_243;onnx_tf_prefix_MatMul_244;onnx_tf_prefix_Add_245;onnx_tf_prefix_Mul_2471
LOGISTIC,1076,301056.0,0.0010784706,-0.00020316866,0.003388535,1.2044268e-06,0.00390625,-128,onnx_tf_prefix_Sigmoid_248
MUL,1080,301056.0,0.006889273,-0.00060833053,0.011892852,4.7833484e-05,0.023878746,-121,onnx_tf_prefix_Mul_249
FULLY_CONNECTED,1084,75264.0,0.037669327,0.00020504389,0.33792016,0.0014212407,0.09131332,34,onnx_tf_prefix_MatMul_250;onnx_tf_prefix_Add_251;onnx_tf_prefix_Mul_252
ADD,1088,75264.0,0.06103327,-2.3521843e-05,0.5964895,0.0037253874,0.2105516,22,onnx_tf_prefix_Add_254
TRANSPOSE,1092,75264.0,1.357672e-07,-8.017174e-08,1.9073486e-06,2.4861818e-14,0.2105516,22,onnx_tf_prefix_Transpose_253
PAD,1096,153600.0,1.03143115e-07,-3.928415e-08,1.9073486e-06,1.21822904e-14,0.2105516,22,Pad_9
TRANSPOSE,1100,153600.0,1.03143115e-07,-3.928415e-08,1.9073486e-06,1.21822904e-14,0.2105516,22,transpose_37
DEPTHWISE_CONV_2D,1104,75264.0,0.03294045,0.00012253487,0.3834694,0.0010853146,0.10863666,7,Add_12;depthwise_14;depthwise_9;Const_87
MEAN,1108,196.0,0.00060486817,-2.6405538e-05,0.0058800443,6.8684136e-07,0.0010049001,-40,onnx_tf_prefix_ReduceMean_257
SUB,1112,75264.0,0.032848727,0.00015907244,0.054177035,0.00109211,0.108355805,7,onnx_tf_prefix_Sub_258
MUL,1116,75264.0,0.2091199,-0.01698778,0.41768456,0.044046108,0.835469,-128,onnx_tf_prefix_Pow_260;onnx_tf_prefix_Constant_102
MEAN,1120,196.0,0.011293288,-0.0004709699,0.11564878,0.00068942277,0.01323879,-128,onnx_tf_prefix_ReduceMean_261
ADD,1124,196.0,1.2984036e-07,-5.7253357e-07,8.398836e-07,3.5015526e-13,0.013238794,-128,onnx_tf_prefix_Add_263
RSQRT,1128,196.0,0.0018341803,7.692223e-05,0.0029461654,3.3995295e-06,0.006018195,-128,onnx_tf_prefix_Div_265;onnx_tf_prefix_Sqrt_264
MUL,1132,75264.0,0.022613382,-1.3938071e-05,0.2306789,0.0005120545,0.08300746,2,onnx_tf_prefix_Div_265;onnx_tf_prefix_Sqrt_2641
FULLY_CONNECTED,1136,301056.0,0.04807049,-0.00059033977,0.2407393,0.0023114353,0.060089733,26,onnx_tf_prefix_Mul_266;onnx_tf_prefix_Add_267;onnx_tf_prefix_MatMul_268;onnx_tf_prefix_Add_2691
FULLY_CONNECTED,1140,301056.0,0.08181641,-0.0009925286,0.40973708,0.006695822,0.10227275,26,onnx_tf_prefix_Mul_266;onnx_tf_prefix_Add_267;onnx_tf_prefix_MatMul_268;onnx_tf_prefix_Add_269;onnx_tf_prefix_Mul_2711
LOGISTIC,1144,301056.0,0.0011320739,-0.00016232523,0.0035754768,1.3079654e-06,0.00390625,-128,onnx_tf_prefix_Sigmoid_272
MUL,1148,301056.0,0.0070438893,-0.0014305516,0.01216065,5.166368e-05,0.024366425,-121,onnx_tf_prefix_Mul_273
FULLY_CONNECTED,1152,75264.0,0.061879758,-0.0005177245,0.32497182,0.0038318953,0.16713777,58,onnx_tf_prefix_MatMul_274;onnx_tf_prefix_Add_275;onnx_tf_prefix_Mul_276
ADD,1156,75264.0,0.09801171,-0.00015256903,0.39524567,0.0096064685,0.33870736,44,onnx_tf_prefix_Add_278
TRANSPOSE,1160,75264.0,3.23796e-07,-1.3710888e-07,3.8146973e-06,1.2369614e-13,0.33870736,44,onnx_tf_prefix_Transpose_277
PAD,1164,153600.0,2.3681233e-07,-6.718335e-08,3.8146973e-06,6.06111e-14,0.33870736,44,Pad_10
TRANSPOSE,1168,153600.0,2.3681233e-07,-6.718335e-08,3.8146973e-06,6.06111e-14,0.33870736,44,transpose_40
DEPTHWISE_CONV_2D,1172,75264.0,0.050126124,7.750252e-05,0.22036318,0.002512677,0.16993192,-18,Add_13;depthwise_14;depthwise_10;Const_78
MEAN,1176,196.0,0.0005037724,5.054457e-06,0.0014279746,2.595834e-07,0.001668439,-15,onnx_tf_prefix_ReduceMean_281
SUB,1180,75264.0,0.04487846,0.004665599,0.084388256,0.002074103,0.16881402,-18,onnx_tf_prefix_Sub_282
MUL,1184,75264.0,0.50138575,-0.18364653,1.161945,0.28547013,2.3372953,-128,onnx_tf_prefix_Pow_284;onnx_tf_prefix_Constant_102
MEAN,1188,196.0,0.008470683,-0.00032348908,0.05326412,0.00014338757,0.020125417,-128,onnx_tf_prefix_ReduceMean_285
ADD,1192,196.0,1.3570344e-07,-5.988525e-07,8.778139e-07,3.8017373e-13,0.02012542,-128,onnx_tf_prefix_Add_287
RSQRT,1196,196.0,0.0017746382,0.0001528476,0.0029624158,3.2016067e-06,0.005952204,-128,onnx_tf_prefix_Div_289;onnx_tf_prefix_Sqrt_288
MUL,1200,75264.0,0.029134702,-2.4001363e-05,0.34623063,0.0008496896,0.10944964,-9,onnx_tf_prefix_Div_289;onnx_tf_prefix_Sqrt_2881
FULLY_CONNECTED,1204,301056.0,0.042981368,0.00058438414,0.20656785,0.0018478801,0.053152975,7,onnx_tf_prefix_Mul_290;onnx_tf_prefix_Add_291;onnx_tf_prefix_MatMul_292;onnx_tf_prefix_Add_2931
FULLY_CONNECTED,1208,301056.0,0.07315428,0.00099496,0.3515785,0.005352945,0.09046635,7,onnx_tf_prefix_Mul_290;onnx_tf_prefix_Add_291;onnx_tf_prefix_MatMul_292;onnx_tf_prefix_Add_293;onnx_tf_prefix_Mul_2951
LOGISTIC,1212,301056.0,0.0011412392,-0.0001569063,0.0036284218,1.3270683e-06,0.00390625,-128,onnx_tf_prefix_Sigmoid_296
MUL,1216,301056.0,0.0072188396,0.0009883253,0.01274223,5.308981e-05,0.025615122,-122,onnx_tf_prefix_Mul_297
FULLY_CONNECTED,1220,75264.0,0.12045481,0.000824556,0.6630085,0.014524495,0.30591902,83,onnx_tf_prefix_MatMul_298;onnx_tf_prefix_Add_299;onnx_tf_prefix_Mul_300
ADD,1224,75264.0,0.15601511,0.00012883173,1.0853797,0.024341231,0.53822917,68,onnx_tf_prefix_Add_302
TRANSPOSE,1228,75264.0,1.0677139e-06,8.968531e-07,7.6293945e-06,1.9454108e-12,0.53822917,68,onnx_tf_prefix_Transpose_301
PAD,1232,153600.0,8.7169684e-07,4.394581e-07,7.6293945e-06,9.532513e-13,0.53822917,68,Pad_11
TRANSPOSE,1236,153600.0,8.7169684e-07,4.394581e-07,7.6293945e-06,9.532514e-13,0.53822917,68,transpose_43
DEPTHWISE_CONV_2D,1240,75264.0,0.08307803,-0.00025226592,0.6924743,0.006902195,0.2842121,-13,Add_14;depthwise_14;depthwise_11;Const_69
MEAN,1244,196.0,0.00092737604,-2.9146946e-05,0.004744134,1.3637411e-06,0.002425102,-17,onnx_tf_prefix_ReduceMean_305
SUB,1248,75264.0,0.06883049,0.011199642,0.14195476,0.0049609486,0.2840258,-13,onnx_tf_prefix_Sub_306
MUL,1252,75264.0,1.1746408,-0.49761182,3.554843,1.6305507,6.1675344,-128,onnx_tf_prefix_Pow_308;onnx_tf_prefix_Constant_102
MEAN,1256,196.0,0.010574205,0.00028059687,0.018120624,0.00011290794,0.036518253,-128,onnx_tf_prefix_ReduceMean_309
ADD,1260,196.0,1.5002848e-07,-6.203472e-07,8.778139e-07,4.1065317e-13,0.036518257,-128,onnx_tf_prefix_Add_311
RSQRT,1264,196.0,0.0031587058,-0.00042162614,0.018564073,3.234694e-05,0.0042294892,-128,onnx_tf_prefix_Div_313;onnx_tf_prefix_Sqrt_312
MUL,1268,75264.0,0.03211411,-2.8452418e-05,0.3465205,0.0010315756,0.1135606,0,onnx_tf_prefix_Div_313;onnx_tf_prefix_Sqrt_3121
FULLY_CONNECTED,1272,301056.0,0.059322048,0.00088623,0.2911129,0.0035205283,0.05929578,16,onnx_tf_prefix_Mul_314;onnx_tf_prefix_Add_315;onnx_tf_prefix_MatMul_316;onnx_tf_prefix_Add_3171
FULLY_CONNECTED,1276,301056.0,0.10096609,0.0015080526,0.49547386,0.010198269,0.10092144,16,onnx_tf_prefix_Mul_314;onnx_tf_prefix_Add_315;onnx_tf_prefix_MatMul_316;onnx_tf_prefix_Add_317;onnx_tf_prefix_Mul_3191
LOGISTIC,1280,301056.0,0.0011073092,-9.842709e-05,0.0036982298,1.2358622e-06,0.00390625,-128,onnx_tf_prefix_Sigmoid_320
MUL,1284,301056.0,0.007410157,0.0004058822,0.013202577,5.5080207e-05,0.026509887,-122,onnx_tf_prefix_Mul_321
FULLY_CONNECTED,1288,75264.0,0.24603456,0.0030641996,3.701319,0.060648773,0.5475548,93,onnx_tf_prefix_MatMul_322;onnx_tf_prefix_Add_323;onnx_tf_prefix_Mul_324
ADD,1292,75264.0,0.26056185,0.00048538903,2.982843,0.06789619,0.9007174,88,onnx_tf_prefix_Add_326
TRANSPOSE,1296,75264.0,1.991412e-06,-2.5603538e-07,1.5258789e-05,4.0335864e-12,0.9007174,88,onnx_tf_prefix_Transpose_325
PAD,1300,153600.0,1.3998947e-06,-1.2545735e-07,1.5258789e-05,1.9764574e-12,0.9007174,88,Pad_12
TRANSPOSE,1304,153600.0,1.3998946e-06,-1.2545735e-07,1.5258789e-05,1.9764576e-12,0.9007174,88,transpose_46
DEPTHWISE_CONV_2D,1308,75264.0,0.055182718,-7.659208e-05,0.6362946,0.0030453997,0.18516333,34,Add_15;depthwise_14;depthwise_12;Const_60
MEAN,1312,196.0,0.0008839306,-3.3709224e-05,0.0036670796,1.3202404e-06,0.0023289614,47,onnx_tf_prefix_ReduceMean_329
SUB,1316,75264.0,0.05281098,-0.0026189312,0.093063466,0.0028173705,0.18617599,33,onnx_tf_prefix_Sub_330
MUL,1320,75264.0,0.8727178,-0.20056647,1.7593231,0.80224204,3.5299857,-128,onnx_tf_prefix_Pow_332;onnx_tf_prefix_Constant_102
MEAN,1324,196.0,0.03807593,-0.002426183,0.3483634,0.0039147707,0.049370352,-128,onnx_tf_prefix_ReduceMean_333
ADD,1328,196.0,2.6700786e-07,-4.5682148e-07,9.753487e-07,2.8553538e-13,0.049370356,-128,onnx_tf_prefix_Add_335
RSQRT,1332,196.0,0.0009282499,-5.516604e-05,0.0015745028,8.7242455e-07,0.0031816657,-128,onnx_tf_prefix_Div_337;onnx_tf_prefix_Sqrt_336
MUL,1336,75264.0,0.018828534,3.3167453e-08,0.08839583,0.0003548687,0.06939303,38,onnx_tf_prefix_Div_337;onnx_tf_prefix_Sqrt_3361
FULLY_CONNECTED,1340,301056.0,0.06297325,0.0019249655,0.34351185,0.0039699604,0.057758965,19,onnx_tf_prefix_Mul_338;onnx_tf_prefix_Add_339;onnx_tf_prefix_MatMul_340;onnx_tf_prefix_Add_3411
FULLY_CONNECTED,1344,301056.0,0.10718095,0.0032789155,0.5846567,0.011500311,0.09830569,19,onnx_tf_prefix_Mul_338;onnx_tf_prefix_Add_339;onnx_tf_prefix_MatMul_340;onnx_tf_prefix_Add_341;onnx_tf_prefix_Mul_3431
LOGISTIC,1348,301056.0,0.0011450019,-1.1751207e-05,0.0034866007,1.3111935e-06,0.00390625,-128,onnx_tf_prefix_Sigmoid_344
MUL,1352,301056.0,0.0078439005,-0.00025704104,0.012409509,6.159753e-05,0.025028314,-121,onnx_tf_prefix_Mul_345
FULLY_CONNECTED,1356,75264.0,0.6015775,0.010779426,3.3977613,0.3624595,1.6469992,106,onnx_tf_prefix_MatMul_346;onnx_tf_prefix_Add_347;onnx_tf_prefix_Mul_348
ADD,1360,75264.0,0.7112593,-0.0018323888,1.3808919,0.5059164,2.346815,110,onnx_tf_prefix_Add_350
TRANSPOSE,1364,75264.0,7.187098e-06,2.892129e-06,3.0517578e-05,6.0036635e-11,2.346815,110,onnx_tf_prefix_Transpose_349
PAD,1368,153600.0,5.2346795e-06,1.4171433e-06,3.0517578e-05,2.941795e-11,2.346815,110,Pad_13
TRANSPOSE,1372,153600.0,5.2346795e-06,1.4171433e-06,3.0517578e-05,2.941795e-11,2.346815,110,transpose_49
DEPTHWISE_CONV_2D,1376,75264.0,0.063670576,-2.9112956e-05,0.46366006,0.004054161,0.2122339,36,Add_16;depthwise_14;depthwise_13;Const_51
MEAN,1380,196.0,0.001905585,7.694115e-05,0.01654519,1.3231084e-05,0.0020929934,12,onnx_tf_prefix_ReduceMean_353
SUB,1384,75264.0,0.06054422,-0.0059737037,0.10611365,0.003746725,0.21226701,36,onnx_tf_prefix_Sub_354
MUL,1388,75264.0,1.0718609,-0.32897326,2.6929903,1.2576922,4.728424,-128,onnx_tf_prefix_Pow_356;onnx_tf_prefix_Constant_102
MEAN,1392,196.0,0.030408418,-0.0016783789,0.23253985,0.0018665555,0.05712491,-128,onnx_tf_prefix_ReduceMean_357
ADD,1396,196.0,2.7506488e-07,-5.4440386e-07,9.536743e-07,3.7583624e-13,0.057124913,-128,onnx_tf_prefix_Add_359
RSQRT,1400,196.0,0.0007971324,-1.7300108e-05,0.0014096472,6.421562e-07,0.0028540548,-128,onnx_tf_prefix_Div_361;onnx_tf_prefix_Sqrt_360
MUL,1404,75264.0,0.02064161,-3.4374143e-06,0.11028998,0.00042661297,0.0768179,40,onnx_tf_prefix_Div_361;onnx_tf_prefix_Sqrt_3601
FULLY_CONNECTED,1408,301056.0,0.079851024,0.0014259819,0.36281988,0.006379746,0.06860194,17,onnx_tf_prefix_Mul_362;onnx_tf_prefix_Add_363;onnx_tf_prefix_MatMul_364;onnx_tf_prefix_Add_3651
FULLY_CONNECTED,1412,301056.0,0.1359064,0.0024275496,0.6175185,0.01848087,0.11676049,17,onnx_tf_prefix_Mul_362;onnx_tf_prefix_Add_363;onnx_tf_prefix_MatMul_364;onnx_tf_prefix_Add_365;onnx_tf_prefix_Mul_3671
LOGISTIC,1416,301056.0,0.0011430632,-0.00015424757,0.003576517,1.3304387e-06,0.00390625,-128,onnx_tf_prefix_Sigmoid_368
MUL,1420,301056.0,0.008349554,0.0023921642,0.015178531,7.543914e-05,0.030367238,-123,onnx_tf_prefix_Mul_369
FULLY_CONNECTED,1424,75264.0,0.89012855,0.015073538,14.0671425,0.7945268,2.5141394,86,onnx_tf_prefix_MatMul_370;onnx_tf_prefix_Add_371;onnx_tf_prefix_Mul_372
ADD,1428,75264.0,1.2071459,0.012042546,5.298215,1.457657,4.271753,114,onnx_tf_prefix_Add_374
TRANSPOSE,1432,75264.0,6.2873632e-06,-1.189736e-06,6.1035156e-05,4.10683e-11,4.271753,114,onnx_tf_prefix_Transpose_373
PAD,1436,153600.0,4.4421317e-06,-5.829707e-07,6.1035156e-05,2.0123469e-11,4.271753,114,Pad_14
TRANSPOSE,1440,153600.0,4.4421317e-06,-5.829707e-07,6.1035156e-05,2.0123469e-11,4.271753,114,transpose_52
DEPTHWISE_CONV_2D,1444,75264.0,0.1034666,0.0004141534,0.78211874,0.010705825,0.3456401,59,Add_17;depthwise_14;Const_42
MEAN,1448,196.0,0.0028406314,0.00017786602,0.030221159,1.3582034e-05,0.0028888276,7,onnx_tf_prefix_ReduceMean_377
SUB,1452,75264.0,0.09734328,-0.009364676,0.19701554,0.009619076,0.34523517,58,onnx_tf_prefix_Sub_378
MUL,1456,75264.0,3.6480322,-1.0847851,8.0159,14.493343,16.237406,-128,onnx_tf_prefix_Pow_380;onnx_tf_prefix_Constant_102
MEAN,1460,196.0,0.11844389,-0.0120740505,1.2805566,0.038321063,0.07561875,-128,onnx_tf_prefix_ReduceMean_381
ADD,1464,196.0,3.828795e-07,3.9257234e-08,9.536743e-07,1.6422897e-13,0.07561876,-128,onnx_tf_prefix_Add_383
RSQRT,1468,196.0,0.0008200119,4.421343e-05,0.0014223728,6.776922e-07,0.0028676377,-128,onnx_tf_prefix_Div_385;onnx_tf_prefix_Sqrt_384
MUL,1472,75264.0,0.024694806,5.7500056e-06,0.045097996,0.0006102081,0.09027331,46,onnx_tf_prefix_Div_385;onnx_tf_prefix_Sqrt_3841
FULLY_CONNECTED,1476,301056.0,0.06971948,0.00085374055,0.4677157,0.004862532,0.07518816,12,onnx_tf_prefix_Mul_386;onnx_tf_prefix_Add_387;onnx_tf_prefix_MatMul_388;onnx_tf_prefix_Add_3891
FULLY_CONNECTED,1480,301056.0,0.118661664,0.0014544856,0.7960514,0.014085594,0.12797025,12,onnx_tf_prefix_Mul_386;onnx_tf_prefix_Add_387;onnx_tf_prefix_MatMul_388;onnx_tf_prefix_Add_389;onnx_tf_prefix_Mul_3911
LOGISTIC,1484,301056.0,0.001090595,-0.0001025477,0.003899531,1.1999911e-06,0.00390625,-128,onnx_tf_prefix_Sigmoid_392
MUL,1488,301056.0,0.009720897,-0.0008606855,0.01700279,9.5279356e-05,0.03463194,-123,onnx_tf_prefix_Mul_393
FULLY_CONNECTED,1492,75264.0,1.8477031,0.012912246,62.81537,3.4609354,4.766184,108,onnx_tf_prefix_MatMul_394;onnx_tf_prefix_Add_395;onnx_tf_prefix_Mul_396
ADD,1496,75264.0,2.7842832,-0.0038806899,4.31954,7.7538304,8.652476,119,onnx_tf_prefix_Add_398
TRANSPOSE,1500,75264.0,8.879481e-06,-6.108255e-08,0.000118255615,7.9309545e-11,8.652476,119,onnx_tf_prefix_Transpose_397
MEAN,1504,196.0,0.0076127914,-3.906825e-05,0.032001033,6.9409e-05,0.022977587,105,onnx_tf_prefix_ReduceMean_399
SUB,1508,75264.0,0.75635034,-1.473041,3.8860433,2.8321044,8.63628,119,onnx_tf_prefix_Sub_400
MUL,1512,75264.0,285.39914,-46.90775,8845.006,83791.6,17890.408,-128,onnx_tf_prefix_Pow_402;onnx_tf_prefix_Constant_102
MEAN,1516,196.0,5.3009076,5.4531054,21.795433,62.72833,46.814884,-128,onnx_tf_prefix_ReduceMean_403
ADD,1520,196.0,0.00013803218,2.0537402e-06,0.00044389206,1.9151084e-08,46.814884,-128,onnx_tf_prefix_Add_406
RSQRT,1524,196.0,0.00024169599,-inf,inf,inf,0.0005584973,-128,onnx_tf_prefix_Div_408;onnx_tf_prefix_Sqrt_407
MUL,1528,75264.0,0.020128623,0.0002730262,0.76516515,0.00040710362,0.10596883,57,onnx_tf_prefix_Div_408;onnx_tf_prefix_Sqrt_4071
MUL,1532,75264.0,0.009302332,0.00023801286,0.9767399,0.00011782807,0.020081772,-27,onnx_tf_prefix_Mul_409
ADD,1536,75264.0,0.0057886634,-0.00014752624,0.053447507,3.3531513e-05,0.019940117,-25,onnx_tf_prefix_Add_410
TRANSPOSE,1540,75264.0,1.7318932e-08,5.2857065e-09,1.6255812e-07,3.2865964e-16,0.019940117,-25,transpose_55
CONV_2D,1544,37632.0,0.034050353,-4.6637935e-05,3.0576644,0.0013068464,0.07730218,17,Add_18;depthwise_17;convolution_3;Const_31
TRANSPOSE,1548,37632.0,5.8420298e-08,-3.8459063e-08,6.502325e-07,4.9377764e-15,0.07730218,17,transpose_56
PAD,1552,129792.0,3.6041286e-08,-1.1150854e-08,6.502325e-07,1.4316631e-15,0.07730218,17,Pad_15
TRANSPOSE,1556,129792.0,3.6041286e-08,-1.1150854e-08,6.502325e-07,1.4316631e-15,0.07730218,17,transpose_58
DEPTHWISE_CONV_2D,1560,37632.0,0.03749821,-2.3831619e-05,0.24070193,0.0014063782,0.12808459,-29,Add_19;depthwise_17;depthwise_15;Const_29
MEAN,1564,49.0,0.0012161632,-1.0490156e-05,0.006431322,3.8187604e-06,0.00046221438,1,onnx_tf_prefix_ReduceMean_414
SUB,1568,37632.0,0.020315297,-0.0071079913,0.056735907,0.00071023626,0.12803368,-29,onnx_tf_prefix_Sub_415
MUL,1572,37632.0,0.36235026,-0.04024742,0.7765697,0.13314205,1.5685093,-128,onnx_tf_prefix_Pow_417;onnx_tf_prefix_Constant_102
MEAN,1576,49.0,0.05901079,-0.012893305,0.36234772,0.013928923,0.009963796,-128,onnx_tf_prefix_ReduceMean_418
ADD,1580,49.0,1.4652197e-07,-4.4023392e-07,6.827441e-07,2.267475e-13,0.009963799,-128,onnx_tf_prefix_Add_420
RSQRT,1584,49.0,0.004759609,-0.001357127,0.022480054,5.8367943e-05,0.004240935,-128,onnx_tf_prefix_Div_422;onnx_tf_prefix_Sqrt_421
MUL,1588,37632.0,0.028144782,-2.349731e-05,0.06555756,0.0007934004,0.10752858,-37,onnx_tf_prefix_Div_422;onnx_tf_prefix_Sqrt_4211
FULLY_CONNECTED,1592,150528.0,0.08571381,0.0016451747,0.7411988,0.007350396,0.12750025,21,onnx_tf_prefix_Mul_423;onnx_tf_prefix_Add_424;onnx_tf_prefix_MatMul_425;onnx_tf_prefix_Add_4261
FULLY_CONNECTED,1596,150528.0,0.14588492,0.00279709,1.2615231,0.021292642,0.2170055,21,onnx_tf_prefix_Mul_423;onnx_tf_prefix_Add_424;onnx_tf_prefix_MatMul_425;onnx_tf_prefix_Add_426;onnx_tf_prefix_Mul_4281
LOGISTIC,1600,150528.0,0.0009181613,-0.00012355106,0.0037090292,8.6072976e-07,0.00390625,-128,onnx_tf_prefix_Sigmoid_429
MUL,1604,150528.0,0.01085876,0.0014734485,0.025177391,0.000120594486,0.053530477,-125,onnx_tf_prefix_Mul_430
FULLY_CONNECTED,1608,37632.0,0.105553955,-5.369139e-05,1.3193735,0.011321828,0.243197,-6,onnx_tf_prefix_MatMul_431;onnx_tf_prefix_Add_432;onnx_tf_prefix_Mul_433
ADD,1612,37632.0,0.07242939,-2.7156058e-05,0.470183,0.0052473466,0.24996608,-1,onnx_tf_prefix_Add_435
TRANSPOSE,1616,37632.0,5.2544408e-08,7.737407e-09,1.6472557e-06,2.910851e-15,0.24996608,-1,onnx_tf_prefix_Transpose_434
PAD,1620,129792.0,2.8522054e-08,2.2433904e-09,1.6472557e-06,8.439745e-16,0.24996608,-1,Pad_16
TRANSPOSE,1624,129792.0,2.8522054e-08,2.2433904e-09,1.6472557e-06,8.439745e-16,0.24996608,-1,transpose_61
DEPTHWISE_CONV_2D,1628,37632.0,0.058199402,-9.5366784e-05,0.17222172,0.0033873199,0.20048061,18,Add_20;depthwise_17;depthwise_16;Const_20
MEAN,1632,49.0,0.0015245593,-0.0002585517,0.009536175,6.79174e-06,0.00090198504,-42,onnx_tf_prefix_ReduceMean_438
SUB,1636,37632.0,0.045695666,0.03096993,0.098573536,0.0041241986,0.20022206,19,onnx_tf_prefix_Sub_439
MUL,1640,37632.0,0.65239024,-0.2418849,1.6710011,0.48485556,3.3833191,-128,onnx_tf_prefix_Pow_441;onnx_tf_prefix_Constant_102
MEAN,1644,49.0,0.012295503,4.2940796e-05,0.021212893,0.00015442084,0.04297625,-128,onnx_tf_prefix_ReduceMean_442
ADD,1648,49.0,1.09761054e-07,-7.544024e-07,9.536743e-07,5.823814e-13,0.042976253,-128,onnx_tf_prefix_Add_444
RSQRT,1652,49.0,0.009847508,-0.003135013,0.05213863,0.00017251266,0.0030412616,-128,onnx_tf_prefix_Div_446;onnx_tf_prefix_Sqrt_445
MUL,1656,37632.0,0.03124585,-6.5126056e-05,0.39263967,0.0009819263,0.110525034,42,onnx_tf_prefix_Div_446;onnx_tf_prefix_Sqrt_4451
FULLY_CONNECTED,1660,150528.0,0.16760565,-0.0019035817,1.0964661,0.02809825,0.14438282,46,onnx_tf_prefix_Mul_447;onnx_tf_prefix_Add_448;onnx_tf_prefix_MatMul_449;onnx_tf_prefix_Add_4501
FULLY_CONNECTED,1664,150528.0,0.28526485,-0.0032392703,1.8661803,0.081395134,0.24573953,46,onnx_tf_prefix_Mul_447;onnx_tf_prefix_Add_448;onnx_tf_prefix_MatMul_449;onnx_tf_prefix_Add_450;onnx_tf_prefix_Mul_4521
LOGISTIC,1668,150528.0,0.00059355824,-0.00015305457,0.0038985014,3.7801183e-07,0.00390625,-128,onnx_tf_prefix_Sigmoid_453
MUL,1672,150528.0,0.0065609636,0.0015688586,0.023191273,4.584264e-05,0.04668745,-124,onnx_tf_prefix_Mul_454
FULLY_CONNECTED,1676,37632.0,0.2187315,0.0028003834,1.1276296,0.048662946,0.5417458,-1,onnx_tf_prefix_MatMul_455;onnx_tf_prefix_Add_456;onnx_tf_prefix_Mul_457
ADD,1680,37632.0,0.16086102,-0.00075867283,0.2737999,0.025880747,0.5477042,-1,onnx_tf_prefix_Add_459
TRANSPOSE,1684,37632.0,6.0205075e-08,2.4086526e-09,3.121116e-06,3.9926833e-15,0.5477042,-1,onnx_tf_prefix_Transpose_458
PAD,1688,129792.0,3.243701e-08,6.983667e-10,3.121116e-06,1.1576418e-15,0.5477042,-1,Pad_17
TRANSPOSE,1692,129792.0,3.2437008e-08,6.983667e-10,3.121116e-06,1.1576418e-15,0.5477042,-1,transpose_64
DEPTHWISE_CONV_2D,1696,37632.0,0.10223126,0.00016103247,0.24986883,0.0104517825,0.35309407,16,Add_21;depthwise_17;Const_11
MEAN,1700,49.0,0.000544264,-5.5865316e-05,0.002092138,6.722067e-07,0.0012505247,93,onnx_tf_prefix_ReduceMean_462
SUB,1704,37632.0,0.03946584,-0.07396307,0.15247521,0.00789193,0.35268527,16,onnx_tf_prefix_Sub_463
MUL,1708,37632.0,1.7157744,-0.69609714,4.9934425,3.4406602,10.057364,-128,onnx_tf_prefix_Pow_465;onnx_tf_prefix_Constant_102
MEAN,1712,49.0,0.042375,-0.0001756239,0.07223142,0.0018349891,0.14689942,-128,onnx_tf_prefix_ReduceMean_466
ADD,1716,49.0,3.408817e-07,-9.67829e-07,1.6255813e-06,1.05946e-12,0.14689942,-128,onnx_tf_prefix_Add_468
RSQRT,1720,49.0,0.023548495,-0.011026542,0.09726418,0.00089565763,0.0019458821,-128,onnx_tf_prefix_Div_470;onnx_tf_prefix_Sqrt_469
MUL,1724,37632.0,0.030711472,0.00022751364,0.10660005,0.00094644504,0.11000638,62,onnx_tf_prefix_Div_470;onnx_tf_prefix_Sqrt_4691
FULLY_CONNECTED,1728,150528.0,0.15884434,-0.0024546816,0.8087801,0.025247248,0.16171025,29,onnx_tf_prefix_Mul_471;onnx_tf_prefix_Add_472;onnx_tf_prefix_MatMul_473;onnx_tf_prefix_Add_4741
FULLY_CONNECTED,1732,150528.0,0.27035153,-0.004179363,1.376541,0.073135525,0.27523085,29,onnx_tf_prefix_Mul_471;onnx_tf_prefix_Add_472;onnx_tf_prefix_MatMul_473;onnx_tf_prefix_Add_474;onnx_tf_prefix_Mul_4761
LOGISTIC,1736,150528.0,0.00058819976,-0.00016277425,0.0039062013,3.7834343e-07,0.00390625,-128,onnx_tf_prefix_Sigmoid_477
MUL,1740,150528.0,0.008101102,0.0012202942,0.031140566,6.88416e-05,0.06285526,-125,onnx_tf_prefix_Mul_478
FULLY_CONNECTED,1744,37632.0,0.20537509,-0.0015764985,2.1504745,0.043147072,0.513405,5,onnx_tf_prefix_MatMul_479;onnx_tf_prefix_Add_480;onnx_tf_prefix_Mul_481
ADD,1748,37632.0,0.079918556,-0.00064355053,0.9481404,0.006589538,0.5442884,12,onnx_tf_prefix_Add_483
TRANSPOSE,1752,37632.0,2.18978e-07,1.2146359e-08,3.4679067e-06,4.865935e-14,0.5442884,12,onnx_tf_prefix_Transpose_482
MEAN,1756,768.0,0.06650625,0.00029878347,0.11451964,0.0044295625,0.22985171,-31,onnx_tf_prefix_ReduceMean_484
MEAN,1760,1.0,0.0,-0.0022755319,0.0023487897,4.8218542e-05,0.00043574555,10,onnx_tf_prefix_ReduceMean_485
SUB,1764,768.0,0.002076281,0.015390157,0.050073363,0.0012809265,0.22959992,-31,onnx_tf_prefix_Sub_486
MUL,1768,768.0,0.825844,-0.43127295,2.58309,0.87708986,5.166545,-128,onnx_tf_prefix_Pow_488;onnx_tf_prefix_Constant_102
MEAN,1772,1.0,0.0,-0.0044679423,0.0064006504,5.8881273e-05,0.025101578,-128,onnx_tf_prefix_ReduceMean_489
ADD,1776,1.0,0.0,-4.7683716e-07,4.7683716e-07,2.5837917e-13,0.025101582,-128,onnx_tf_prefix_Add_491
RSQRT,1780,1.0,0.0,-0.05538216,0.055648983,0.0071104723,0.0021313897,-128,onnx_tf_prefix_Div_493;onnx_tf_prefix_Sqrt_492
MUL,1784,768.0,0.026578628,7.513974e-05,0.050973736,0.00072507677,0.10343296,-15,onnx_tf_prefix_Div_493;onnx_tf_prefix_Sqrt_4921
MUL,1788,768.0,0.0034001137,-4.6906844e-05,0.029814977,1.2032519e-05,0.009978253,-31,onnx_tf_prefix_Mul_494
ADD,1792,768.0,0.002735613,9.75512e-06,0.007977554,7.494682e-06,0.008892672,-17,onnx_tf_prefix_Add_495
RESHAPE,1796,768.0,1.1104748e-08,-4.4537682e-10,5.4186042e-08,1.2486887e-16,0.008892672,-17,flatten/Reshape
FULLY_CONNECTED,1800,1000.0,0.01633246,-1.6485392e-05,0.1172434,0.00028237054,0.048097532,-76,PartitionedCall:0
